Type,Time,Std
Vect,0.03851677894592285,0.007901329015138523
Apply,0.12467864036560058,0.03207718036770458
List,0.3681248331069946,0.09508202857360415
Cython,1.0464794731140137,0.32599094265875916
Itertuples,8.098507981300354,2.8765871699951657
Iterrows,19.075983633995055,5.167900854224343
