Type,Time,Std
Vect,0.03851677894592285,0.007901329015138523
Apply,0.12467864036560058,0.03207718036770458
Cython,0.12224123001098633,0.0107209511279043
List,0.2219028902053833,0.007989896860947181
Itertuples,8.098507981300354,2.8765871699951657
Iterrows,19.075983633995055,5.167900854224343
